Date,Ticker,Close,Index_Close
2024-01-02,AAPL,185.63999938964844,4742.830078125
2024-01-02,AMZN,149.92999267578125,4742.830078125
2024-01-02,BRK-B,362.4599914550781,4742.830078125
2024-01-02,GOOGL,138.1699981689453,4742.830078125
2024-01-02,JNJ,159.97000122070312,4742.830078125
2024-01-02,JPM,172.0800018310547,4742.830078125
2024-01-02,META,346.2900085449219,4742.830078125
2024-01-02,MSFT,370.8699951171875,4742.830078125
2024-01-02,NVDA,48.167999267578125,4742.830078125
2024-01-02,TSLA,248.4199981689453,4742.830078125
2024-01-03,AAPL,184.25,4704.81005859375
2024-01-03,AMZN,148.47000122070312,4704.81005859375
2024-01-03,BRK-B,366.75,4704.81005859375
2024-01-03,GOOGL,138.9199981689453,4704.81005859375
2024-01-03,JNJ,160.97000122070312,4704.81005859375
2024-01-03,JPM,171.3300018310547,4704.81005859375
2024-01-03,META,344.4700012207031,4704.81005859375
2024-01-03,MSFT,370.6000061035156,4704.81005859375
2024-01-03,NVDA,47.569000244140625,4704.81005859375
2024-01-03,TSLA,238.4499969482422,4704.81005859375
2024-01-04,AAPL,181.91000366210938,4688.68017578125
2024-01-04,AMZN,144.57000732421875,4688.68017578125
2024-01-04,BRK-B,363.67999267578125,4688.68017578125
2024-01-04,GOOGL,136.38999938964844,4688.68017578125
2024-01-04,JNJ,160.6300048828125,4688.68017578125
2024-01-04,JPM,171.41000366210938,4688.68017578125
2024-01-04,META,347.1199951171875,4688.68017578125
2024-01-04,MSFT,367.94000244140625,4688.68017578125
2024-01-04,NVDA,47.99800109863281,4688.68017578125
2024-01-04,TSLA,237.92999267578125,4688.68017578125
2024-01-05,AAPL,181.17999267578125,4697.240234375
2024-01-05,AMZN,145.24000549316406,4697.240234375
2024-01-05,BRK-B,365.5899963378906,4697.240234375
2024-01-05,GOOGL,135.72999572753906,4697.240234375
2024-01-05,JNJ,161.1300048828125,4697.240234375
2024-01-05,JPM,172.27000427246094,4697.240234375
2024-01-05,META,351.95001220703125,4697.240234375
2024-01-05,MSFT,367.75,4697.240234375
2024-01-05,NVDA,49.09700012207031,4697.240234375
2024-01-05,TSLA,237.49000549316406,4697.240234375
2024-01-08,AAPL,185.55999755859375,4763.5400390625
2024-01-08,AMZN,149.10000610351562,4763.5400390625
2024-01-08,BRK-B,368.17999267578125,4763.5400390625
2024-01-08,GOOGL,138.83999633789062,4763.5400390625
2024-01-08,JNJ,161.52999877929688,4763.5400390625
2024-01-08,JPM,172.02000427246094,4763.5400390625
2024-01-08,META,358.6600036621094,4763.5400390625
2024-01-08,MSFT,374.69000244140625,4763.5400390625
2024-01-08,NVDA,52.25299835205078,4763.5400390625
2024-01-08,TSLA,240.4499969482422,4763.5400390625
2024-01-09,AAPL,185.13999938964844,4756.5
2024-01-09,AMZN,151.3699951171875,4756.5
2024-01-09,BRK-B,366.8999938964844,4756.5
2024-01-09,GOOGL,140.9499969482422,4756.5
2024-01-09,JNJ,161.6300048828125,4756.5
2024-01-09,JPM,170.66000366210938,4756.5
2024-01-09,META,357.42999267578125,4756.5
2024-01-09,MSFT,375.7900085449219,4756.5
2024-01-09,NVDA,53.13999938964844,4756.5
2024-01-09,TSLA,234.9600067138672,4756.5
2024-01-10,AAPL,186.19000244140625,4783.4501953125
2024-01-10,AMZN,153.72999572753906,4783.4501953125
2024-01-10,BRK-B,367.9200134277344,4783.4501953125
2024-01-10,GOOGL,142.27999877929688,4783.4501953125
2024-01-10,JNJ,161.8699951171875,4783.4501953125
2024-01-10,JPM,171.02000427246094,4783.4501953125
2024-01-10,META,370.4700012207031,4783.4501953125
2024-01-10,MSFT,382.7699890136719,4783.4501953125
2024-01-10,NVDA,54.349998474121094,4783.4501953125
2024-01-10,TSLA,233.94000244140625,4783.4501953125
2024-01-11,AAPL,185.58999633789062,4780.240234375
2024-01-11,AMZN,155.17999267578125,4780.240234375
2024-01-11,BRK-B,363.3399963378906,4780.240234375
2024-01-11,GOOGL,142.0800018310547,4780.240234375
2024-01-11,JNJ,161.14999389648438,4780.240234375
2024-01-11,JPM,170.3000030517578,4780.240234375
2024-01-11,META,369.6700134277344,4780.240234375
2024-01-11,MSFT,384.6300048828125,4780.240234375
2024-01-11,NVDA,54.821998596191406,4780.240234375
2024-01-11,TSLA,227.22000122070312,4780.240234375
2024-01-12,AAPL,185.9199981689453,4783.830078125
2024-01-12,AMZN,154.6199951171875,4783.830078125
2024-01-12,BRK-B,363.6199951171875,4783.830078125
2024-01-12,GOOGL,142.64999389648438,4783.830078125
2024-01-12,JNJ,162.38999938964844,4783.830078125
2024-01-12,JPM,169.0500030517578,4783.830078125
2024-01-12,META,374.489990234375,4783.830078125
2024-01-12,MSFT,388.4700012207031,4783.830078125
2024-01-12,NVDA,54.709999084472656,4783.830078125
2024-01-12,TSLA,218.88999938964844,4783.830078125
2024-01-16,AAPL,183.6300048828125,4765.97998046875
2024-01-16,AMZN,153.16000366210938,4765.97998046875
2024-01-16,BRK-B,361.1000061035156,4765.97998046875
2024-01-16,GOOGL,142.49000549316406,4765.97998046875
2024-01-16,JNJ,160.52000427246094,4765.97998046875
2024-01-16,JPM,167.99000549316406,4765.97998046875
2024-01-16,META,367.4599914550781,4765.97998046875
2024-01-16,MSFT,390.2699890136719,4765.97998046875
2024-01-16,NVDA,56.38199996948242,4765.97998046875
2024-01-16,TSLA,219.91000366210938,4765.97998046875
2024-01-17,AAPL,182.67999267578125,4739.2099609375
2024-01-17,AMZN,151.7100067138672,4739.2099609375
2024-01-17,BRK-B,359.2900085449219,4739.2099609375
2024-01-17,GOOGL,141.47000122070312,4739.2099609375
2024-01-17,JNJ,160.42999267578125,4739.2099609375
2024-01-17,JPM,167.08999633789062,4739.2099609375
2024-01-17,META,368.3699951171875,4739.2099609375
2024-01-17,MSFT,389.4700012207031,4739.2099609375
2024-01-17,NVDA,56.053001403808594,4739.2099609375
2024-01-17,TSLA,215.5500030517578,4739.2099609375
2024-01-18,AAPL,188.6300048828125,4780.93994140625
2024-01-18,AMZN,153.5,4780.93994140625
2024-01-18,BRK-B,362.3800048828125,4780.93994140625
2024-01-18,GOOGL,143.47999572753906,4780.93994140625
2024-01-18,JNJ,161.2100067138672,4780.93994140625
2024-01-18,JPM,167.4199981689453,4780.93994140625
2024-01-18,META,376.1300048828125,4780.93994140625
2024-01-18,MSFT,393.8699951171875,4780.93994140625
2024-01-18,NVDA,57.106998443603516,4780.93994140625
2024-01-18,TSLA,211.8800048828125,4780.93994140625
2024-01-19,AAPL,191.55999755859375,4839.81005859375
2024-01-19,AMZN,155.33999633789062,4839.81005859375
2024-01-19,BRK-B,366.989990234375,4839.81005859375
2024-01-19,GOOGL,146.3800048828125,4839.81005859375
2024-01-19,JNJ,161.67999267578125,4839.81005859375
2024-01-19,JPM,170.30999755859375,4839.81005859375
2024-01-19,META,383.45001220703125,4839.81005859375
2024-01-19,MSFT,398.6700134277344,4839.81005859375
2024-01-19,NVDA,59.49100112915039,4839.81005859375
2024-01-19,TSLA,212.19000244140625,4839.81005859375
2024-01-22,AAPL,193.88999938964844,4850.43017578125
2024-01-22,AMZN,154.77999877929688,4850.43017578125
2024-01-22,BRK-B,368.05999755859375,4850.43017578125
2024-01-22,GOOGL,145.99000549316406,4850.43017578125
2024-01-22,JNJ,162.47000122070312,4850.43017578125
2024-01-22,JPM,170.11000061035156,4850.43017578125
2024-01-22,META,381.7799987792969,4850.43017578125
2024-01-22,MSFT,396.510009765625,4850.43017578125
2024-01-22,NVDA,59.65399932861328,4850.43017578125
2024-01-22,TSLA,208.8000030517578,4850.43017578125
2024-01-23,AAPL,195.17999267578125,4864.60009765625
2024-01-23,AMZN,156.02000427246094,4864.60009765625
2024-01-23,BRK-B,372.1400146484375,4864.60009765625
2024-01-23,GOOGL,147.0399932861328,4864.60009765625
2024-01-23,JNJ,159.80999755859375,4864.60009765625
2024-01-23,JPM,168.99000549316406,4864.60009765625
2024-01-23,META,385.20001220703125,4864.60009765625
2024-01-23,MSFT,398.8999938964844,4864.60009765625
2024-01-23,NVDA,59.87300109863281,4864.60009765625
2024-01-23,TSLA,209.13999938964844,4864.60009765625
2024-01-24,AAPL,194.5,4868.5498046875
2024-01-24,AMZN,156.8699951171875,4868.5498046875
2024-01-24,BRK-B,376.5899963378906,4868.5498046875
2024-01-24,GOOGL,148.6999969482422,4868.5498046875
2024-01-24,JNJ,158.9600067138672,4868.5498046875
2024-01-24,JPM,170.5,4868.5498046875
2024-01-24,META,390.70001220703125,4868.5498046875
2024-01-24,MSFT,402.55999755859375,4868.5498046875
2024-01-24,NVDA,61.36199951171875,4868.5498046875
2024-01-24,TSLA,207.8300018310547,4868.5498046875
2024-01-25,AAPL,194.1699981689453,4894.16015625
2024-01-25,AMZN,157.75,4894.16015625
2024-01-25,BRK-B,380.8500061035156,4894.16015625
2024-01-25,GOOGL,151.8699951171875,4894.16015625
2024-01-25,JNJ,159.55999755859375,4894.16015625
2024-01-25,JPM,172.94000244140625,4894.16015625
2024-01-25,META,393.17999267578125,4894.16015625
2024-01-25,MSFT,404.8699951171875,4894.16015625
2024-01-25,NVDA,61.617000579833984,4894.16015625
2024-01-25,TSLA,182.6300048828125,4894.16015625
2024-01-26,AAPL,192.4199981689453,4890.97021484375
2024-01-26,AMZN,159.1199951171875,4890.97021484375
2024-01-26,BRK-B,385.3999938964844,4890.97021484375
2024-01-26,GOOGL,152.19000244140625,4890.97021484375
2024-01-26,JNJ,159.5,4890.97021484375
2024-01-26,JPM,172.27999877929688,4890.97021484375
2024-01-26,META,394.1400146484375,4890.97021484375
2024-01-26,MSFT,403.92999267578125,4890.97021484375
2024-01-26,NVDA,61.03099822998047,4890.97021484375
2024-01-26,TSLA,183.25,4890.97021484375
2024-01-29,AAPL,191.72999572753906,4927.93017578125
2024-01-29,AMZN,161.25999450683594,4927.93017578125
2024-01-29,BRK-B,383.17999267578125,4927.93017578125
2024-01-29,GOOGL,153.50999450683594,4927.93017578125
2024-01-29,JNJ,159.36000061035156,4927.93017578125
2024-01-29,JPM,172.72999572753906,4927.93017578125
2024-01-29,META,401.0199890136719,4927.93017578125
2024-01-29,MSFT,409.7200012207031,4927.93017578125
2024-01-29,NVDA,62.46500015258789,4927.93017578125
2024-01-29,TSLA,190.92999267578125,4927.93017578125
2024-01-30,AAPL,188.0399932861328,4924.97021484375
2024-01-30,AMZN,159.0,4924.97021484375
2024-01-30,BRK-B,387.1499938964844,4924.97021484375
2024-01-30,GOOGL,151.4600067138672,4924.97021484375
2024-01-30,JNJ,158.77000427246094,4924.97021484375
2024-01-30,JPM,176.27000427246094,4924.97021484375
2024-01-30,META,400.05999755859375,4924.97021484375
2024-01-30,MSFT,408.5899963378906,4924.97021484375
2024-01-30,NVDA,62.77399826049805,4924.97021484375
2024-01-30,TSLA,191.58999633789062,4924.97021484375
2024-01-31,AAPL,184.39999389648438,4845.64990234375
2024-01-31,AMZN,155.1999969482422,4845.64990234375
2024-01-31,BRK-B,383.739990234375,4845.64990234375
2024-01-31,GOOGL,140.10000610351562,4845.64990234375
2024-01-31,JNJ,158.89999389648438,4845.64990234375
2024-01-31,JPM,174.36000061035156,4845.64990234375
2024-01-31,META,390.1400146484375,4845.64990234375
2024-01-31,MSFT,397.5799865722656,4845.64990234375
2024-01-31,NVDA,61.527000427246094,4845.64990234375
2024-01-31,TSLA,187.2899932861328,4845.64990234375
2024-02-01,AAPL,186.86000061035156,4906.18994140625
2024-02-01,AMZN,159.27999877929688,4906.18994140625
2024-02-01,BRK-B,386.44000244140625,4906.18994140625
2024-02-01,GOOGL,141.16000366210938,4906.18994140625
2024-02-01,JNJ,158.36000061035156,4906.18994140625
2024-02-01,JPM,173.72999572753906,4906.18994140625
2024-02-01,META,394.7799987792969,4906.18994140625
2024-02-01,MSFT,403.7799987792969,4906.18994140625
2024-02-01,NVDA,63.027000427246094,4906.18994140625
2024-02-01,TSLA,188.86000061035156,4906.18994140625
2024-02-02,AAPL,185.85000610351562,4958.60986328125
2024-02-02,AMZN,171.80999755859375,4958.60986328125
2024-02-02,BRK-B,390.75,4958.60986328125
2024-02-02,GOOGL,142.3800048828125,4958.60986328125
2024-02-02,JNJ,156.61000061035156,4958.60986328125
2024-02-02,JPM,174.72999572753906,4958.60986328125
2024-02-02,META,474.989990234375,4958.60986328125
2024-02-02,MSFT,411.2200012207031,4958.60986328125
2024-02-02,NVDA,66.16000366210938,4958.60986328125
2024-02-02,TSLA,187.91000366210938,4958.60986328125
2024-02-05,AAPL,187.67999267578125,4942.81005859375
2024-02-05,AMZN,170.30999755859375,4942.81005859375
2024-02-05,BRK-B,390.760009765625,4942.81005859375
2024-02-05,GOOGL,143.67999267578125,4942.81005859375
2024-02-05,JNJ,155.8000030517578,4942.81005859375
2024-02-05,JPM,174.5,4942.81005859375
2024-02-05,META,459.4100036621094,4942.81005859375
2024-02-05,MSFT,405.6499938964844,4942.81005859375
2024-02-05,NVDA,69.33200073242188,4942.81005859375
2024-02-05,TSLA,181.05999755859375,4942.81005859375
2024-02-06,AAPL,189.3000030517578,4954.22998046875
2024-02-06,AMZN,169.14999389648438,4954.22998046875
2024-02-06,BRK-B,393.739990234375,4954.22998046875
2024-02-06,GOOGL,144.10000610351562,4954.22998046875
2024-02-06,JNJ,158.05999755859375,4954.22998046875
2024-02-06,JPM,175.10000610351562,4954.22998046875
2024-02-06,META,454.7200012207031,4954.22998046875
2024-02-06,MSFT,405.489990234375,4954.22998046875
2024-02-06,NVDA,68.2229995727539,4954.22998046875
2024-02-06,TSLA,185.10000610351562,4954.22998046875
2024-02-07,AAPL,189.41000366210938,4995.06005859375
2024-02-07,AMZN,170.52999877929688,4995.06005859375
2024-02-07,BRK-B,397.6600036621094,4995.06005859375
2024-02-07,GOOGL,145.5399932861328,4995.06005859375
2024-02-07,JNJ,157.97999572753906,4995.06005859375
2024-02-07,JPM,175.42999267578125,4995.06005859375
2024-02-07,META,469.5899963378906,4995.06005859375
2024-02-07,MSFT,414.04998779296875,4995.06005859375
2024-02-07,NVDA,70.0989990234375,4995.06005859375
2024-02-07,TSLA,187.5800018310547,4995.06005859375
2024-02-08,AAPL,188.32000732421875,4997.91015625
2024-02-08,AMZN,169.83999633789062,4997.91015625
2024-02-08,BRK-B,397.489990234375,4997.91015625
2024-02-08,GOOGL,145.91000366210938,4997.91015625
2024-02-08,JNJ,156.39999389648438,4997.91015625
2024-02-08,JPM,174.8000030517578,4997.91015625
2024-02-08,META,470.0,4997.91015625
2024-02-08,MSFT,414.1099853515625,4997.91015625
2024-02-08,NVDA,69.64099884033203,4997.91015625
2024-02-08,TSLA,189.55999755859375,4997.91015625
2024-02-09,AAPL,188.85000610351562,5026.60986328125
2024-02-09,AMZN,174.4499969482422,5026.60986328125
2024-02-09,BRK-B,398.3599853515625,5026.60986328125
2024-02-09,GOOGL,149.0,5026.60986328125
2024-02-09,JNJ,156.75999450683594,5026.60986328125
2024-02-09,JPM,175.00999450683594,5026.60986328125
2024-02-09,META,468.1099853515625,5026.60986328125
2024-02-09,MSFT,420.54998779296875,5026.60986328125
2024-02-09,NVDA,72.13300323486328,5026.60986328125
2024-02-09,TSLA,193.57000732421875,5026.60986328125
2024-02-12,AAPL,187.14999389648438,5021.83984375
2024-02-12,AMZN,172.33999633789062,5021.83984375
2024-02-12,BRK-B,397.7099914550781,5021.83984375
2024-02-12,GOOGL,147.52999877929688,5021.83984375
2024-02-12,JNJ,157.85000610351562,5021.83984375
2024-02-12,JPM,175.7899932861328,5021.83984375
2024-02-12,META,468.8999938964844,5021.83984375
2024-02-12,MSFT,415.260009765625,5021.83984375
2024-02-12,NVDA,72.24800109863281,5021.83984375
2024-02-12,TSLA,188.1300048828125,5021.83984375
2024-02-13,AAPL,185.0399932861328,4953.169921875
2024-02-13,AMZN,168.63999938964844,4953.169921875
2024-02-13,BRK-B,394.79998779296875,4953.169921875
2024-02-13,GOOGL,145.13999938964844,4953.169921875
2024-02-13,JNJ,156.47000122070312,4953.169921875
2024-02-13,JPM,174.25999450683594,4953.169921875
2024-02-13,META,460.1199951171875,4953.169921875
2024-02-13,MSFT,406.32000732421875,4953.169921875
2024-02-13,NVDA,72.12799835205078,4953.169921875
2024-02-13,TSLA,184.02000427246094,4953.169921875
2024-02-14,AAPL,184.14999389648438,5000.6201171875
2024-02-14,AMZN,170.97999572753906,5000.6201171875
2024-02-14,BRK-B,398.67999267578125,5000.6201171875
2024-02-14,GOOGL,145.94000244140625,5000.6201171875
2024-02-14,JNJ,155.74000549316406,5000.6201171875
2024-02-14,JPM,176.02999877929688,5000.6201171875
2024-02-14,META,473.2799987792969,5000.6201171875
2024-02-14,MSFT,409.489990234375,5000.6201171875
2024-02-14,NVDA,73.9000015258789,5000.6201171875
2024-02-14,TSLA,188.7100067138672,5000.6201171875
2024-02-15,AAPL,183.86000061035156,5029.72998046875
2024-02-15,AMZN,169.8000030517578,5029.72998046875
2024-02-15,BRK-B,403.45001220703125,5029.72998046875
2024-02-15,GOOGL,142.77000427246094,5029.72998046875
2024-02-15,JNJ,157.9199981689453,5029.72998046875
2024-02-15,JPM,179.8699951171875,5029.72998046875
2024-02-15,META,484.0299987792969,5029.72998046875
2024-02-15,MSFT,406.55999755859375,5029.72998046875
2024-02-15,NVDA,72.65799713134766,5029.72998046875
2024-02-15,TSLA,200.4499969482422,5029.72998046875
2024-02-16,AAPL,182.30999755859375,5005.56982421875
2024-02-16,AMZN,169.50999450683594,5005.56982421875
2024-02-16,BRK-B,405.989990234375,5005.56982421875
2024-02-16,GOOGL,140.52000427246094,5005.56982421875
2024-02-16,JNJ,156.5500030517578,5005.56982421875
2024-02-16,JPM,179.02999877929688,5005.56982421875
2024-02-16,META,473.32000732421875,5005.56982421875
2024-02-16,MSFT,404.05999755859375,5005.56982421875
2024-02-16,NVDA,72.61299896240234,5005.56982421875
2024-02-16,TSLA,199.9499969482422,5005.56982421875
2024-02-20,AAPL,181.55999755859375,4975.509765625
2024-02-20,AMZN,167.0800018310547,4975.509765625
2024-02-20,BRK-B,407.1499938964844,4975.509765625
2024-02-20,GOOGL,141.1199951171875,4975.509765625
2024-02-20,JNJ,157.86000061035156,4975.509765625
2024-02-20,JPM,179.72999572753906,4975.509765625
2024-02-20,META,471.75,4975.509765625
2024-02-20,MSFT,402.7900085449219,4975.509765625
2024-02-20,NVDA,69.4520034790039,4975.509765625
2024-02-20,TSLA,193.75999450683594,4975.509765625
2024-02-21,AAPL,182.32000732421875,4981.7998046875
2024-02-21,AMZN,168.58999633789062,4981.7998046875
2024-02-21,BRK-B,409.25,4981.7998046875
2024-02-21,GOOGL,142.5500030517578,4981.7998046875
2024-02-21,JNJ,158.67999267578125,4981.7998046875
2024-02-21,JPM,180.89999389648438,4981.7998046875
2024-02-21,META,468.0299987792969,4981.7998046875
2024-02-21,MSFT,402.17999267578125,4981.7998046875
2024-02-21,NVDA,67.47200012207031,4981.7998046875
2024-02-21,TSLA,194.77000427246094,4981.7998046875
2024-02-22,AAPL,184.3699951171875,5087.02978515625
2024-02-22,AMZN,174.5800018310547,5087.02978515625
2024-02-22,BRK-B,415.1600036621094,5087.02978515625
2024-02-22,GOOGL,144.08999633789062,5087.02978515625
2024-02-22,JNJ,160.4499969482422,5087.02978515625
2024-02-22,JPM,183.07000732421875,5087.02978515625
2024-02-22,META,486.1300048828125,5087.02978515625
2024-02-22,MSFT,411.6499938964844,5087.02978515625
2024-02-22,NVDA,78.53800201416016,5087.02978515625
2024-02-22,TSLA,197.41000366210938,5087.02978515625
2024-02-23,AAPL,182.52000427246094,5088.7998046875
2024-02-23,AMZN,174.99000549316406,5088.7998046875
2024-02-23,BRK-B,417.2200012207031,5088.7998046875
2024-02-23,GOOGL,143.9600067138672,5088.7998046875
2024-02-23,JNJ,161.83999633789062,5088.7998046875
2024-02-23,JPM,183.99000549316406,5088.7998046875
2024-02-23,META,484.0299987792969,5088.7998046875
2024-02-23,MSFT,410.3399963378906,5088.7998046875
2024-02-23,NVDA,78.81700134277344,5088.7998046875
2024-02-23,TSLA,191.97000122070312,5088.7998046875
2024-02-26,AAPL,181.16000366210938,5069.52978515625
2024-02-26,AMZN,174.72999572753906,5069.52978515625
2024-02-26,BRK-B,409.1400146484375,5069.52978515625
2024-02-26,GOOGL,137.57000732421875,5069.52978515625
2024-02-26,JNJ,160.7899932861328,5069.52978515625
2024-02-26,JPM,183.36000061035156,5069.52978515625
2024-02-26,META,481.739990234375,5069.52978515625
2024-02-26,MSFT,407.5400085449219,5069.52978515625
2024-02-26,NVDA,79.09200286865234,5069.52978515625
2024-02-26,TSLA,199.39999389648438,5069.52978515625
2024-02-27,AAPL,182.6300048828125,5078.18017578125
2024-02-27,AMZN,173.5399932861328,5078.18017578125
2024-02-27,BRK-B,408.9100036621094,5078.18017578125
2024-02-27,GOOGL,138.8800048828125,5078.18017578125
2024-02-27,JNJ,160.97999572753906,5078.18017578125
2024-02-27,JPM,183.4499969482422,5078.18017578125
2024-02-27,META,487.04998779296875,5078.18017578125
2024-02-27,MSFT,407.4800109863281,5078.18017578125
2024-02-27,NVDA,78.70099639892578,5078.18017578125
2024-02-27,TSLA,199.72999572753906,5078.18017578125
2024-02-28,AAPL,181.4199981689453,5069.759765625
2024-02-28,AMZN,173.16000366210938,5069.759765625
2024-02-28,BRK-B,412.1400146484375,5069.759765625
2024-02-28,GOOGL,136.3800048828125,5069.759765625
2024-02-28,JNJ,161.5500030517578,5069.759765625
2024-02-28,JPM,184.3800048828125,5069.759765625
2024-02-28,META,484.0199890136719,5069.759765625
2024-02-28,MSFT,407.7200012207031,5069.759765625
2024-02-28,NVDA,77.66300201416016,5069.759765625
2024-02-28,TSLA,202.0399932861328,5069.759765625
2024-02-29,AAPL,180.75,5096.27001953125
2024-02-29,AMZN,176.75999450683594,5096.27001953125
2024-02-29,BRK-B,409.3999938964844,5096.27001953125
2024-02-29,GOOGL,138.4600067138672,5096.27001953125
2024-02-29,JNJ,161.3800048828125,5096.27001953125
2024-02-29,JPM,186.05999755859375,5096.27001953125
2024-02-29,META,490.1300048828125,5096.27001953125
2024-02-29,MSFT,413.6400146484375,5096.27001953125
2024-02-29,NVDA,79.11199951171875,5096.27001953125
2024-02-29,TSLA,201.8800048828125,5096.27001953125
2024-03-01,AAPL,179.66000366210938,5137.080078125
2024-03-01,AMZN,178.22000122070312,5137.080078125
2024-03-01,BRK-B,407.1099853515625,5137.080078125
2024-03-01,GOOGL,137.13999938964844,5137.080078125
2024-03-01,JNJ,162.1199951171875,5137.080078125
2024-03-01,JPM,185.2899932861328,5137.080078125
2024-03-01,META,502.29998779296875,5137.080078125
2024-03-01,MSFT,415.5,5137.080078125
2024-03-01,NVDA,82.27899932861328,5137.080078125
2024-03-01,TSLA,202.63999938964844,5137.080078125
2024-03-04,AAPL,175.10000610351562,5130.9501953125
2024-03-04,AMZN,177.5800018310547,5130.9501953125
2024-03-04,BRK-B,403.3900146484375,5130.9501953125
2024-03-04,GOOGL,133.35000610351562,5130.9501953125
2024-03-04,JNJ,159.83999633789062,5130.9501953125
2024-03-04,JPM,186.67999267578125,5130.9501953125
2024-03-04,META,498.19000244140625,5130.9501953125
2024-03-04,MSFT,414.9200134277344,5130.9501953125
2024-03-04,NVDA,85.23699951171875,5130.9501953125
2024-03-04,TSLA,188.13999938964844,5130.9501953125
2024-03-05,AAPL,170.1199951171875,5078.64990234375
2024-03-05,AMZN,174.1199951171875,5078.64990234375
2024-03-05,BRK-B,400.739990234375,5078.64990234375
2024-03-05,GOOGL,132.6699981689453,5078.64990234375
2024-03-05,JNJ,159.97000122070312,5078.64990234375
2024-03-05,JPM,188.5500030517578,5078.64990234375
2024-03-05,META,490.2200012207031,5078.64990234375
2024-03-05,MSFT,402.6499938964844,5078.64990234375
2024-03-05,NVDA,85.96399688720703,5078.64990234375
2024-03-05,TSLA,180.74000549316406,5078.64990234375
2024-03-06,AAPL,169.1199951171875,5104.759765625
2024-03-06,AMZN,173.50999450683594,5104.759765625
2024-03-06,BRK-B,403.9599914550781,5104.759765625
2024-03-06,GOOGL,131.39999389648438,5104.759765625
2024-03-06,JNJ,159.33999633789062,5104.759765625
2024-03-06,JPM,189.52999877929688,5104.759765625
2024-03-06,META,496.0899963378906,5104.759765625
2024-03-06,MSFT,402.0899963378906,5104.759765625
2024-03-06,NVDA,88.69999694824219,5104.759765625
2024-03-06,TSLA,176.5399932861328,5104.759765625
2024-03-07,AAPL,169.0,5157.35986328125
2024-03-07,AMZN,176.82000732421875,5157.35986328125
2024-03-07,BRK-B,402.3900146484375,5157.35986328125
2024-03-07,GOOGL,134.3800048828125,5157.35986328125
2024-03-07,JNJ,158.8699951171875,5157.35986328125
2024-03-07,JPM,187.8699951171875,5157.35986328125
2024-03-07,META,512.1900024414062,5157.35986328125
2024-03-07,MSFT,409.1400146484375,5157.35986328125
2024-03-07,NVDA,92.66899871826172,5157.35986328125
2024-03-07,TSLA,178.64999389648438,5157.35986328125
2024-03-08,AAPL,170.72999572753906,5123.68994140625
2024-03-08,AMZN,175.35000610351562,5123.68994140625
2024-03-08,BRK-B,403.1499938964844,5123.68994140625
2024-03-08,GOOGL,135.41000366210938,5123.68994140625
2024-03-08,JNJ,159.52000427246094,5123.68994140625
2024-03-08,JPM,188.22000122070312,5123.68994140625
2024-03-08,META,505.95001220703125,5123.68994140625
2024-03-08,MSFT,406.2200012207031,5123.68994140625
2024-03-08,NVDA,87.52799987792969,5123.68994140625
2024-03-08,TSLA,175.33999633789062,5123.68994140625
2024-03-11,AAPL,172.75,5117.93994140625
2024-03-11,AMZN,171.9600067138672,5117.93994140625
2024-03-11,BRK-B,404.760009765625,5117.93994140625
2024-03-11,GOOGL,137.6699981689453,5117.93994140625
2024-03-11,JNJ,161.22999572753906,5117.93994140625
2024-03-11,JPM,188.2899932861328,5117.93994140625
2024-03-11,META,483.5899963378906,5117.93994140625
2024-03-11,MSFT,404.5199890136719,5117.93994140625
2024-03-11,NVDA,85.77400207519531,5117.93994140625
2024-03-11,TSLA,177.77000427246094,5117.93994140625
2024-03-12,AAPL,173.22999572753906,5175.27001953125
2024-03-12,AMZN,175.38999938964844,5175.27001953125
2024-03-12,BRK-B,404.9800109863281,5175.27001953125
2024-03-12,GOOGL,138.5,5175.27001953125
2024-03-12,JNJ,162.74000549316406,5175.27001953125
2024-03-12,JPM,189.83999633789062,5175.27001953125
2024-03-12,META,499.75,5175.27001953125
2024-03-12,MSFT,415.2799987792969,5175.27001953125
2024-03-12,NVDA,91.91300201416016,5175.27001953125
2024-03-12,TSLA,177.5399932861328,5175.27001953125
2024-03-13,AAPL,171.1300048828125,5165.31005859375
2024-03-13,AMZN,176.55999755859375,5165.31005859375
2024-03-13,BRK-B,408.1300048828125,5165.31005859375
2024-03-13,GOOGL,139.7899932861328,5165.31005859375
2024-03-13,JNJ,161.10000610351562,5165.31005859375
2024-03-13,JPM,191.3800048828125,5165.31005859375
2024-03-13,META,495.57000732421875,5165.31005859375
2024-03-13,MSFT,415.1000061035156,5165.31005859375
2024-03-13,NVDA,90.88800048828125,5165.31005859375
2024-03-13,TSLA,169.47999572753906,5165.31005859375
2024-03-14,AAPL,173.0,5150.47998046875
2024-03-14,AMZN,178.75,5150.47998046875
2024-03-14,BRK-B,406.7300109863281,5150.47998046875
2024-03-14,GOOGL,143.10000610351562,5150.47998046875
2024-03-14,JNJ,159.2100067138672,5150.47998046875
2024-03-14,JPM,187.97000122070312,5150.47998046875
2024-03-14,META,491.8299865722656,5150.47998046875
2024-03-14,MSFT,425.2200012207031,5150.47998046875
2024-03-14,NVDA,87.94400024414062,5150.47998046875
2024-03-14,TSLA,162.5,5150.47998046875
2024-03-15,AAPL,172.6199951171875,5117.08984375
2024-03-15,AMZN,174.4199981689453,5117.08984375
2024-03-15,BRK-B,408.1300048828125,5117.08984375
2024-03-15,GOOGL,141.17999267578125,5117.08984375
2024-03-15,JNJ,158.17999267578125,5117.08984375
2024-03-15,JPM,190.3000030517578,5117.08984375
2024-03-15,META,484.1000061035156,5117.08984375
2024-03-15,MSFT,416.4200134277344,5117.08984375
2024-03-15,NVDA,87.83699798583984,5117.08984375
2024-03-15,TSLA,163.57000732421875,5117.08984375
2024-03-18,AAPL,173.72000122070312,5149.419921875
2024-03-18,AMZN,174.47999572753906,5149.419921875
2024-03-18,BRK-B,408.4100036621094,5149.419921875
2024-03-18,GOOGL,147.67999267578125,5149.419921875
2024-03-18,JNJ,156.75999450683594,5149.419921875
2024-03-18,JPM,192.66000366210938,5149.419921875
2024-03-18,META,496.9800109863281,5149.419921875
2024-03-18,MSFT,417.32000732421875,5149.419921875
2024-03-18,NVDA,88.45500183105469,5149.419921875
2024-03-18,TSLA,173.8000030517578,5149.419921875
2024-03-19,AAPL,176.0800018310547,5178.509765625
2024-03-19,AMZN,175.89999389648438,5178.509765625
2024-03-19,BRK-B,411.760009765625,5178.509765625
2024-03-19,GOOGL,147.02999877929688,5178.509765625
2024-03-19,JNJ,156.2100067138672,5178.509765625
2024-03-19,JPM,193.7899932861328,5178.509765625
2024-03-19,META,496.239990234375,5178.509765625
2024-03-19,MSFT,421.4100036621094,5178.509765625
2024-03-19,NVDA,89.39800262451172,5178.509765625
2024-03-19,TSLA,171.32000732421875,5178.509765625
2024-03-20,AAPL,178.6699981689453,5224.6201171875
2024-03-20,AMZN,178.14999389648438,5224.6201171875
2024-03-20,BRK-B,416.1099853515625,5224.6201171875
2024-03-20,GOOGL,148.74000549316406,5224.6201171875
2024-03-20,JNJ,155.75999450683594,5224.6201171875
2024-03-20,JPM,196.3300018310547,5224.6201171875
2024-03-20,META,505.5199890136719,5224.6201171875
2024-03-20,MSFT,425.2300109863281,5224.6201171875
2024-03-20,NVDA,90.37200164794922,5224.6201171875
2024-03-20,TSLA,175.66000366210938,5224.6201171875
2024-03-21,AAPL,171.3699951171875,5241.52978515625
2024-03-21,AMZN,178.14999389648438,5241.52978515625
2024-03-21,BRK-B,413.7799987792969,5241.52978515625
2024-03-21,GOOGL,147.60000610351562,5241.52978515625
2024-03-21,JNJ,155.75,5241.52978515625
2024-03-21,JPM,199.05999755859375,5241.52978515625
2024-03-21,META,507.760009765625,5241.52978515625
2024-03-21,MSFT,429.3699951171875,5241.52978515625
2024-03-21,NVDA,91.43499755859375,5241.52978515625
2024-03-21,TSLA,172.82000732421875,5241.52978515625
2024-03-22,AAPL,172.27999877929688,5234.18017578125
2024-03-22,AMZN,178.8699951171875,5234.18017578125
2024-03-22,BRK-B,411.6000061035156,5234.18017578125
2024-03-22,GOOGL,150.77000427246094,5234.18017578125
2024-03-22,JNJ,155.22999572753906,5234.18017578125
2024-03-22,JPM,196.6199951171875,5234.18017578125
2024-03-22,META,509.5799865722656,5234.18017578125
2024-03-22,MSFT,428.739990234375,5234.18017578125
2024-03-22,NVDA,94.28900146484375,5234.18017578125
2024-03-22,TSLA,170.8300018310547,5234.18017578125
2024-03-25,AAPL,170.85000610351562,5218.18994140625
2024-03-25,AMZN,179.7100067138672,5218.18994140625
2024-03-25,BRK-B,409.9200134277344,5218.18994140625
2024-03-25,GOOGL,150.07000732421875,5218.18994140625
2024-03-25,JNJ,155.22000122070312,5218.18994140625
2024-03-25,JPM,194.82000732421875,5218.18994140625
2024-03-25,META,503.0199890136719,5218.18994140625
2024-03-25,MSFT,422.8599853515625,5218.18994140625
2024-03-25,NVDA,95.00199890136719,5218.18994140625
2024-03-25,TSLA,172.6300048828125,5218.18994140625
2024-03-26,AAPL,169.7100067138672,5203.580078125
2024-03-26,AMZN,178.3000030517578,5203.580078125
2024-03-26,BRK-B,411.57000732421875,5203.580078125
2024-03-26,GOOGL,150.6699981689453,5203.580078125
2024-03-26,JNJ,155.77000427246094,5203.580078125
2024-03-26,JPM,195.72999572753906,5203.580078125
2024-03-26,META,495.8900146484375,5203.580078125
2024-03-26,MSFT,421.6499938964844,5203.580078125
2024-03-26,NVDA,92.56099700927734,5203.580078125
2024-03-26,TSLA,177.6699981689453,5203.580078125
2024-03-27,AAPL,173.30999755859375,5248.490234375
2024-03-27,AMZN,179.8300018310547,5248.490234375
2024-03-27,BRK-B,416.92999267578125,5248.490234375
2024-03-27,GOOGL,150.8699951171875,5248.490234375
2024-03-27,JNJ,157.9600067138672,5248.490234375
2024-03-27,JPM,199.52000427246094,5248.490234375
2024-03-27,META,493.8599853515625,5248.490234375
2024-03-27,MSFT,421.42999267578125,5248.490234375
2024-03-27,NVDA,90.25,5248.490234375
2024-03-27,TSLA,179.8300018310547,5248.490234375
2024-03-28,AAPL,171.47999572753906,5254.35009765625
2024-03-28,AMZN,180.3800048828125,5254.35009765625
2024-03-28,BRK-B,420.5199890136719,5254.35009765625
2024-03-28,GOOGL,150.92999267578125,5254.35009765625
2024-03-28,JNJ,158.19000244140625,5254.35009765625
2024-03-28,JPM,200.3000030517578,5254.35009765625
2024-03-28,META,485.5799865722656,5254.35009765625
2024-03-28,MSFT,420.7200012207031,5254.35009765625
2024-03-28,NVDA,90.35600280761719,5254.35009765625
2024-03-28,TSLA,175.7899932861328,5254.35009765625
2024-04-01,AAPL,170.02999877929688,5243.77001953125
2024-04-01,AMZN,180.97000122070312,5243.77001953125
2024-04-01,BRK-B,420.20001220703125,5243.77001953125
2024-04-01,GOOGL,155.49000549316406,5243.77001953125
2024-04-01,JNJ,157.77999877929688,5243.77001953125
2024-04-01,JPM,198.94000244140625,5243.77001953125
2024-04-01,META,491.3500061035156,5243.77001953125
2024-04-01,MSFT,424.57000732421875,5243.77001953125
2024-04-01,NVDA,90.36299896240234,5243.77001953125
2024-04-01,TSLA,175.22000122070312,5243.77001953125
2024-04-02,AAPL,168.83999633789062,5205.81005859375
2024-04-02,AMZN,180.69000244140625,5205.81005859375
2024-04-02,BRK-B,418.9200134277344,5205.81005859375
2024-04-02,GOOGL,154.55999755859375,5205.81005859375
2024-04-02,JNJ,157.72999572753906,5205.81005859375
2024-04-02,JPM,198.86000061035156,5205.81005859375
2024-04-02,META,497.3699951171875,5205.81005859375
2024-04-02,MSFT,421.44000244140625,5205.81005859375
2024-04-02,NVDA,89.4520034790039,5205.81005859375
2024-04-02,TSLA,166.6300048828125,5205.81005859375
2024-04-03,AAPL,169.64999389648438,5211.490234375
2024-04-03,AMZN,182.41000366210938,5211.490234375
2024-04-03,BRK-B,420.239990234375,5211.490234375
2024-04-03,GOOGL,154.9199981689453,5211.490234375
2024-04-03,JNJ,154.25999450683594,5211.490234375
2024-04-03,JPM,198.3000030517578,5211.490234375
2024-04-03,META,506.739990234375,5211.490234375
2024-04-03,MSFT,420.45001220703125,5211.490234375
2024-04-03,NVDA,88.96399688720703,5211.490234375
2024-04-03,TSLA,168.3800048828125,5211.490234375
2024-04-04,AAPL,168.82000732421875,5147.2099609375
2024-04-04,AMZN,180.0,5147.2099609375
2024-04-04,BRK-B,415.32000732421875,5147.2099609375
2024-04-04,GOOGL,150.52999877929688,5147.2099609375
2024-04-04,JNJ,152.5,5147.2099609375
2024-04-04,JPM,195.64999389648438,5147.2099609375
2024-04-04,META,510.9200134277344,5147.2099609375
2024-04-04,MSFT,417.8800048828125,5147.2099609375
2024-04-04,NVDA,85.90499877929688,5147.2099609375
2024-04-04,TSLA,171.11000061035156,5147.2099609375
2024-04-05,AAPL,169.5800018310547,5204.33984375
2024-04-05,AMZN,185.07000732421875,5204.33984375
2024-04-05,BRK-B,418.6199951171875,5204.33984375
2024-04-05,GOOGL,152.5,5204.33984375
2024-04-05,JNJ,152.38999938964844,5204.33984375
2024-04-05,JPM,197.4499969482422,5204.33984375
2024-04-05,META,527.3400268554688,5204.33984375
2024-04-05,MSFT,425.5199890136719,5204.33984375
2024-04-05,NVDA,88.00800323486328,5204.33984375
2024-04-05,TSLA,164.89999389648438,5204.33984375
2024-04-08,AAPL,168.4499969482422,5202.39013671875
2024-04-08,AMZN,185.19000244140625,5202.39013671875
2024-04-08,BRK-B,415.9700012207031,5202.39013671875
2024-04-08,GOOGL,154.85000610351562,5202.39013671875
2024-04-08,JNJ,151.58999633789062,5202.39013671875
2024-04-08,JPM,198.47999572753906,5202.39013671875
2024-04-08,META,519.25,5202.39013671875
2024-04-08,MSFT,424.5899963378906,5202.39013671875
2024-04-08,NVDA,87.13300323486328,5202.39013671875
2024-04-08,TSLA,172.97999572753906,5202.39013671875
2024-04-09,AAPL,169.6699981689453,5209.91015625
2024-04-09,AMZN,185.6699981689453,5209.91015625
2024-04-09,BRK-B,414.69000244140625,5209.91015625
2024-04-09,GOOGL,156.60000610351562,5209.91015625
2024-04-09,JNJ,152.2899932861328,5209.91015625
2024-04-09,JPM,197.14999389648438,5209.91015625
2024-04-09,META,516.9000244140625,5209.91015625
2024-04-09,MSFT,426.2799987792969,5209.91015625
2024-04-09,NVDA,85.35399627685547,5209.91015625
2024-04-09,TSLA,176.8800048828125,5209.91015625
2024-04-10,AAPL,167.77999877929688,5160.64013671875
2024-04-10,AMZN,185.9499969482422,5160.64013671875
2024-04-10,BRK-B,409.1099853515625,5160.64013671875
2024-04-10,GOOGL,156.13999938964844,5160.64013671875
2024-04-10,JNJ,150.1999969482422,5160.64013671875
2024-04-10,JPM,195.47000122070312,5160.64013671875
2024-04-10,META,519.8300170898438,5160.64013671875
2024-04-10,MSFT,423.260009765625,5160.64013671875
2024-04-10,NVDA,87.03900146484375,5160.64013671875
2024-04-10,TSLA,171.75999450683594,5160.64013671875
2024-04-11,AAPL,175.0399932861328,5199.06005859375
2024-04-11,AMZN,189.0500030517578,5199.06005859375
2024-04-11,BRK-B,407.6099853515625,5199.06005859375
2024-04-11,GOOGL,159.41000366210938,5199.06005859375
2024-04-11,JNJ,148.7899932861328,5199.06005859375
2024-04-11,JPM,195.42999267578125,5199.06005859375
2024-04-11,META,523.1599731445312,5199.06005859375
2024-04-11,MSFT,427.92999267578125,5199.06005859375
2024-04-11,NVDA,90.61599731445312,5199.06005859375
2024-04-11,TSLA,174.60000610351562,5199.06005859375
2024-04-12,AAPL,176.5500030517578,5123.41015625
2024-04-12,AMZN,186.1300048828125,5123.41015625
2024-04-12,BRK-B,403.260009765625,5123.41015625
2024-04-12,GOOGL,157.72999572753906,5123.41015625
2024-04-12,JNJ,147.52000427246094,5123.41015625
2024-04-12,JPM,182.7899932861328,5123.41015625
2024-04-12,META,511.8999938964844,5123.41015625
2024-04-12,MSFT,421.8999938964844,5123.41015625
2024-04-12,NVDA,88.18599700927734,5123.41015625
2024-04-12,TSLA,171.0500030517578,5123.41015625
2024-04-15,AAPL,172.69000244140625,5061.81982421875
2024-04-15,AMZN,183.6199951171875,5061.81982421875
2024-04-15,BRK-B,400.260009765625,5061.81982421875
2024-04-15,GOOGL,154.86000061035156,5061.81982421875
2024-04-15,JNJ,147.58999633789062,5061.81982421875
2024-04-15,JPM,182.88999938964844,5061.81982421875
2024-04-15,META,500.2300109863281,5061.81982421875
2024-04-15,MSFT,413.6400146484375,5061.81982421875
2024-04-15,NVDA,86.0009994506836,5061.81982421875
2024-04-15,TSLA,161.47999572753906,5061.81982421875
2024-04-16,AAPL,169.3800048828125,5051.41015625
2024-04-16,AMZN,183.32000732421875,5051.41015625
2024-04-16,BRK-B,396.9200134277344,5051.41015625
2024-04-16,GOOGL,154.39999389648438,5051.41015625
2024-04-16,JNJ,144.4499969482422,5051.41015625
2024-04-16,JPM,180.8000030517578,5051.41015625
2024-04-16,META,499.760009765625,5051.41015625
2024-04-16,MSFT,414.5799865722656,5051.41015625
2024-04-16,NVDA,87.41500091552734,5051.41015625
2024-04-16,TSLA,157.11000061035156,5051.41015625
2024-04-17,AAPL,168.0,5022.2099609375
2024-04-17,AMZN,181.27999877929688,5022.2099609375
2024-04-17,BRK-B,397.739990234375,5022.2099609375
2024-04-17,GOOGL,155.47000122070312,5022.2099609375
2024-04-17,JNJ,144.77000427246094,5022.2099609375
2024-04-17,JPM,180.0800018310547,5022.2099609375
2024-04-17,META,494.1700134277344,5022.2099609375
2024-04-17,MSFT,411.8399963378906,5022.2099609375
2024-04-17,NVDA,84.03500366210938,5022.2099609375
2024-04-17,TSLA,155.4499969482422,5022.2099609375
2024-04-18,AAPL,167.0399932861328,5011.1201171875
2024-04-18,AMZN,179.22000122070312,5011.1201171875
2024-04-18,BRK-B,399.8900146484375,5011.1201171875
2024-04-18,GOOGL,156.00999450683594,5011.1201171875
2024-04-18,JNJ,145.74000549316406,5011.1201171875
2024-04-18,JPM,181.25,5011.1201171875
2024-04-18,META,501.79998779296875,5011.1201171875
2024-04-18,MSFT,404.2699890136719,5011.1201171875
2024-04-18,NVDA,84.6709976196289,5011.1201171875
2024-04-18,TSLA,149.92999267578125,5011.1201171875
2024-04-19,AAPL,165.0,4967.22998046875
2024-04-19,AMZN,174.6300048828125,4967.22998046875
2024-04-19,BRK-B,405.0799865722656,4967.22998046875
2024-04-19,GOOGL,154.08999633789062,4967.22998046875
2024-04-19,JNJ,147.91000366210938,4967.22998046875
2024-04-19,JPM,185.8000030517578,4967.22998046875
2024-04-19,META,481.07000732421875,4967.22998046875
2024-04-19,MSFT,399.1199951171875,4967.22998046875
2024-04-19,NVDA,76.19999694824219,4967.22998046875
2024-04-19,TSLA,147.0500030517578,4967.22998046875
2024-04-22,AAPL,165.83999633789062,5010.60009765625
2024-04-22,AMZN,177.22999572753906,5010.60009765625
2024-04-22,BRK-B,408.7799987792969,5010.60009765625
2024-04-22,GOOGL,156.27999877929688,5010.60009765625
2024-04-22,JNJ,149.1199951171875,5010.60009765625
2024-04-22,JPM,189.41000366210938,5010.60009765625
2024-04-22,META,481.7300109863281,5010.60009765625
2024-04-22,MSFT,400.9599914550781,5010.60009765625
2024-04-22,NVDA,79.51799774169922,5010.60009765625
2024-04-22,TSLA,142.0500030517578,5010.60009765625
2024-04-23,AAPL,166.89999389648438,5070.5498046875
2024-04-23,AMZN,179.5399932861328,5070.5498046875
2024-04-23,BRK-B,408.739990234375,5070.5498046875
2024-04-23,GOOGL,158.25999450683594,5070.5498046875
2024-04-23,JNJ,149.55999755859375,5070.5498046875
2024-04-23,JPM,192.13999938964844,5070.5498046875
2024-04-23,META,496.1000061035156,5070.5498046875
2024-04-23,MSFT,407.57000732421875,5070.5498046875
2024-04-23,NVDA,82.4229965209961,5070.5498046875
2024-04-23,TSLA,144.67999267578125,5070.5498046875
2024-04-24,AAPL,169.02000427246094,5071.6298828125
2024-04-24,AMZN,176.58999633789062,5071.6298828125
2024-04-24,BRK-B,405.95001220703125,5071.6298828125
2024-04-24,GOOGL,159.1300048828125,5071.6298828125
2024-04-24,JNJ,148.52999877929688,5071.6298828125
2024-04-24,JPM,193.0800018310547,5071.6298828125
2024-04-24,META,493.5,5071.6298828125
2024-04-24,MSFT,409.05999755859375,5071.6298828125
2024-04-24,NVDA,79.677001953125,5071.6298828125
2024-04-24,TSLA,162.1300048828125,5071.6298828125
2024-04-25,AAPL,169.88999938964844,5048.419921875
2024-04-25,AMZN,173.6699981689453,5048.419921875
2024-04-25,BRK-B,404.9100036621094,5048.419921875
2024-04-25,GOOGL,156.0,5048.419921875
2024-04-25,JNJ,146.82000732421875,5048.419921875
2024-04-25,JPM,193.3699951171875,5048.419921875
2024-04-25,META,441.3800048828125,5048.419921875
2024-04-25,MSFT,399.0400085449219,5048.419921875
2024-04-25,NVDA,82.63200378417969,5048.419921875
2024-04-25,TSLA,170.17999267578125,5048.419921875
2024-04-26,AAPL,169.3000030517578,5099.9599609375
2024-04-26,AMZN,179.6199951171875,5099.9599609375
2024-04-26,BRK-B,402.1000061035156,5099.9599609375
2024-04-26,GOOGL,171.9499969482422,5099.9599609375
2024-04-26,JNJ,146.13999938964844,5099.9599609375
2024-04-26,JPM,193.49000549316406,5099.9599609375
2024-04-26,META,443.2900085449219,5099.9599609375
2024-04-26,MSFT,406.32000732421875,5099.9599609375
2024-04-26,NVDA,87.73500061035156,5099.9599609375
2024-04-26,TSLA,168.2899932861328,5099.9599609375
2024-04-29,AAPL,173.5,5116.169921875
2024-04-29,AMZN,180.9600067138672,5116.169921875
2024-04-29,BRK-B,400.9599914550781,5116.169921875
2024-04-29,GOOGL,166.14999389648438,5116.169921875
2024-04-29,JNJ,146.82000732421875,5116.169921875
2024-04-29,JPM,193.27999877929688,5116.169921875
2024-04-29,META,432.6199951171875,5116.169921875
2024-04-29,MSFT,402.25,5116.169921875
2024-04-29,NVDA,87.75700378417969,5116.169921875
2024-04-29,TSLA,194.0500030517578,5116.169921875
2024-04-30,AAPL,170.3300018310547,5035.68994140625
2024-04-30,AMZN,175.0,5035.68994140625
2024-04-30,BRK-B,396.7300109863281,5035.68994140625
2024-04-30,GOOGL,162.77999877929688,5035.68994140625
2024-04-30,JNJ,144.58999633789062,5035.68994140625
2024-04-30,JPM,191.74000549316406,5035.68994140625
2024-04-30,META,430.1700134277344,5035.68994140625
2024-04-30,MSFT,389.3299865722656,5035.68994140625
2024-04-30,NVDA,86.4020004272461,5035.68994140625
2024-04-30,TSLA,183.27999877929688,5035.68994140625
2024-05-01,AAPL,169.3000030517578,5018.39013671875
2024-05-01,AMZN,179.0,5018.39013671875
2024-05-01,BRK-B,398.5799865722656,5018.39013671875
2024-05-01,GOOGL,163.86000061035156,5018.39013671875
2024-05-01,JNJ,151.17999267578125,5018.39013671875
2024-05-01,JPM,191.86000061035156,5018.39013671875
2024-05-01,META,439.19000244140625,5018.39013671875
2024-05-01,MSFT,394.94000244140625,5018.39013671875
2024-05-01,NVDA,83.04100036621094,5018.39013671875
2024-05-01,TSLA,179.99000549316406,5018.39013671875
2024-05-02,AAPL,173.02999877929688,5064.2001953125
2024-05-02,AMZN,184.72000122070312,5064.2001953125
2024-05-02,BRK-B,400.6000061035156,5064.2001953125
2024-05-02,GOOGL,166.6199951171875,5064.2001953125
2024-05-02,JNJ,149.9199981689453,5064.2001953125
2024-05-02,JPM,191.66000366210938,5064.2001953125
2024-05-02,META,441.67999267578125,5064.2001953125
2024-05-02,MSFT,397.8399963378906,5064.2001953125
2024-05-02,NVDA,85.81700134277344,5064.2001953125
2024-05-02,TSLA,180.00999450683594,5064.2001953125
2024-05-03,AAPL,183.3800048828125,5127.7900390625
2024-05-03,AMZN,186.2100067138672,5127.7900390625
2024-05-03,BRK-B,400.8699951171875,5127.7900390625
2024-05-03,GOOGL,167.24000549316406,5127.7900390625
2024-05-03,JNJ,149.27000427246094,5127.7900390625
2024-05-03,JPM,190.50999450683594,5127.7900390625
2024-05-03,META,451.9599914550781,5127.7900390625
2024-05-03,MSFT,406.6600036621094,5127.7900390625
2024-05-03,NVDA,88.78900146484375,5127.7900390625
2024-05-03,TSLA,181.19000244140625,5127.7900390625
2024-05-06,AAPL,181.7100067138672,5180.740234375
2024-05-06,AMZN,188.6999969482422,5180.740234375
2024-05-06,BRK-B,404.9200134277344,5180.740234375
2024-05-06,GOOGL,168.10000610351562,5180.740234375
2024-05-06,JNJ,148.5800018310547,5180.740234375
2024-05-06,JPM,192.0,5180.740234375
2024-05-06,META,465.67999267578125,5180.740234375
2024-05-06,MSFT,413.5400085449219,5180.740234375
2024-05-06,NVDA,92.13999938964844,5180.740234375
2024-05-06,TSLA,184.75999450683594,5180.740234375
2024-05-07,AAPL,182.39999389648438,5187.7001953125
2024-05-07,AMZN,188.75999450683594,5187.7001953125
2024-05-07,BRK-B,406.1400146484375,5187.7001953125
2024-05-07,GOOGL,171.25,5187.7001953125
2024-05-07,JNJ,148.72000122070312,5187.7001953125
2024-05-07,JPM,191.75,5187.7001953125
2024-05-07,META,468.239990234375,5187.7001953125
2024-05-07,MSFT,409.3399963378906,5187.7001953125
2024-05-07,NVDA,90.55400085449219,5187.7001953125
2024-05-07,TSLA,177.80999755859375,5187.7001953125
2024-05-08,AAPL,182.74000549316406,5187.669921875
2024-05-08,AMZN,188.0,5187.669921875
2024-05-08,BRK-B,406.3699951171875,5187.669921875
2024-05-08,GOOGL,169.3800048828125,5187.669921875
2024-05-08,JNJ,148.9499969482422,5187.669921875
2024-05-08,JPM,195.64999389648438,5187.669921875
2024-05-08,META,472.6000061035156,5187.669921875
2024-05-08,MSFT,410.5400085449219,5187.669921875
2024-05-08,NVDA,90.41200256347656,5187.669921875
2024-05-08,TSLA,174.72000122070312,5187.669921875
2024-05-09,AAPL,184.57000732421875,5214.080078125
2024-05-09,AMZN,189.5,5214.080078125
2024-05-09,BRK-B,408.82000732421875,5214.080078125
2024-05-09,GOOGL,169.9600067138672,5214.080078125
2024-05-09,JNJ,149.85000610351562,5214.080078125
2024-05-09,JPM,197.5,5214.080078125
2024-05-09,META,475.4200134277344,5214.080078125
2024-05-09,MSFT,412.32000732421875,5214.080078125
2024-05-09,NVDA,88.74700164794922,5214.080078125
2024-05-09,TSLA,171.97000122070312,5214.080078125
2024-05-10,AAPL,183.0500030517578,5222.68017578125
2024-05-10,AMZN,187.47999572753906,5222.68017578125
2024-05-10,BRK-B,412.04998779296875,5222.68017578125
2024-05-10,GOOGL,168.64999389648438,5222.68017578125
2024-05-10,JNJ,149.91000366210938,5222.68017578125
2024-05-10,JPM,198.77000427246094,5222.68017578125
2024-05-10,META,476.20001220703125,5222.68017578125
2024-05-10,MSFT,414.739990234375,5222.68017578125
2024-05-10,NVDA,89.87799835205078,5222.68017578125
2024-05-10,TSLA,168.47000122070312,5222.68017578125
2024-05-13,AAPL,186.27999877929688,5221.419921875
2024-05-13,AMZN,186.57000732421875,5221.419921875
2024-05-13,BRK-B,411.2200012207031,5221.419921875
2024-05-13,GOOGL,169.13999938964844,5221.419921875
2024-05-13,JNJ,151.22000122070312,5221.419921875
2024-05-13,JPM,198.72999572753906,5221.419921875
2024-05-13,META,468.010009765625,5221.419921875
2024-05-13,MSFT,413.7200012207031,5221.419921875
2024-05-13,NVDA,90.39900207519531,5221.419921875
2024-05-13,TSLA,171.88999938964844,5221.419921875
2024-05-14,AAPL,187.42999267578125,5246.68017578125
2024-05-14,AMZN,187.07000732421875,5246.68017578125
2024-05-14,BRK-B,410.239990234375,5246.68017578125
2024-05-14,GOOGL,170.33999633789062,5246.68017578125
2024-05-14,JNJ,151.3800048828125,5246.68017578125
2024-05-14,JPM,201.50999450683594,5246.68017578125
2024-05-14,META,471.8500061035156,5246.68017578125
2024-05-14,MSFT,416.55999755859375,5246.68017578125
2024-05-14,NVDA,91.35600280761719,5246.68017578125
2024-05-14,TSLA,177.5500030517578,5246.68017578125
2024-05-15,AAPL,189.72000122070312,5308.14990234375
2024-05-15,AMZN,185.99000549316406,5308.14990234375
2024-05-15,BRK-B,412.760009765625,5308.14990234375
2024-05-15,GOOGL,172.50999450683594,5308.14990234375
2024-05-15,JNJ,152.6699981689453,5308.14990234375
2024-05-15,JPM,202.11000061035156,5308.14990234375
2024-05-15,META,481.5400085449219,5308.14990234375
2024-05-15,MSFT,423.0799865722656,5308.14990234375
2024-05-15,NVDA,94.62999725341797,5308.14990234375
2024-05-15,TSLA,173.99000549316406,5308.14990234375
2024-05-16,AAPL,189.83999633789062,5297.10009765625
2024-05-16,AMZN,183.6300048828125,5297.10009765625
2024-05-16,BRK-B,413.1199951171875,5297.10009765625
2024-05-16,GOOGL,174.17999267578125,5297.10009765625
2024-05-16,JNJ,154.27999877929688,5297.10009765625
2024-05-16,JPM,202.47000122070312,5297.10009765625
2024-05-16,META,473.2300109863281,5297.10009765625
2024-05-16,MSFT,420.989990234375,5297.10009765625
2024-05-16,NVDA,94.35900115966797,5297.10009765625
2024-05-16,TSLA,174.83999633789062,5297.10009765625
2024-05-17,AAPL,189.8699951171875,5303.27001953125
2024-05-17,AMZN,184.6999969482422,5303.27001953125
2024-05-17,BRK-B,416.94000244140625,5303.27001953125
2024-05-17,GOOGL,176.05999755859375,5303.27001953125
2024-05-17,JNJ,154.63999938964844,5303.27001953125
2024-05-17,JPM,204.7899932861328,5303.27001953125
2024-05-17,META,471.9100036621094,5303.27001953125
2024-05-17,MSFT,420.2099914550781,5303.27001953125
2024-05-17,NVDA,92.47899627685547,5303.27001953125
2024-05-17,TSLA,177.4600067138672,5303.27001953125
2024-05-20,AAPL,191.0399932861328,5308.1298828125
2024-05-20,AMZN,183.5399932861328,5308.1298828125
2024-05-20,BRK-B,413.0,5308.1298828125
2024-05-20,GOOGL,176.9199981689453,5308.1298828125
2024-05-20,JNJ,151.27000427246094,5308.1298828125
2024-05-20,JPM,195.5800018310547,5308.1298828125
2024-05-20,META,468.8399963378906,5308.1298828125
2024-05-20,MSFT,425.3399963378906,5308.1298828125
2024-05-20,NVDA,94.77999877929688,5308.1298828125
2024-05-20,TSLA,174.9499969482422,5308.1298828125
2024-05-21,AAPL,192.35000610351562,5321.41015625
2024-05-21,AMZN,183.14999389648438,5321.41015625
2024-05-21,BRK-B,414.3699951171875,5321.41015625
2024-05-21,GOOGL,177.85000610351562,5321.41015625
2024-05-21,JNJ,151.24000549316406,5321.41015625
2024-05-21,JPM,199.52000427246094,5321.41015625
2024-05-21,META,464.6300048828125,5321.41015625
2024-05-21,MSFT,429.0400085449219,5321.41015625
2024-05-21,NVDA,95.38600158691406,5321.41015625
2024-05-21,TSLA,186.60000610351562,5321.41015625
2024-05-22,AAPL,190.89999389648438,5307.009765625
2024-05-22,AMZN,183.1300048828125,5307.009765625
2024-05-22,BRK-B,413.989990234375,5307.009765625
2024-05-22,GOOGL,176.3800048828125,5307.009765625
2024-05-22,JNJ,153.5,5307.009765625
2024-05-22,JPM,198.30999755859375,5307.009765625
2024-05-22,META,467.7799987792969,5307.009765625
2024-05-22,MSFT,430.5199890136719,5307.009765625
2024-05-22,NVDA,94.94999694824219,5307.009765625
2024-05-22,TSLA,180.11000061035156,5307.009765625
2024-05-23,AAPL,186.8800048828125,5267.83984375
2024-05-23,AMZN,181.0500030517578,5267.83984375
2024-05-23,BRK-B,405.8800048828125,5267.83984375
2024-05-23,GOOGL,173.5500030517578,5267.83984375
2024-05-23,JNJ,149.6999969482422,5267.83984375
2024-05-23,JPM,196.9199981689453,5267.83984375
2024-05-23,META,465.7799987792969,5267.83984375
2024-05-23,MSFT,427.0,5267.83984375
2024-05-23,NVDA,103.79900360107422,5267.83984375
2024-05-23,TSLA,173.74000549316406,5267.83984375
2024-05-24,AAPL,189.97999572753906,5304.72021484375
2024-05-24,AMZN,180.75,5304.72021484375
2024-05-24,BRK-B,407.4100036621094,5304.72021484375
2024-05-24,GOOGL,174.99000549316406,5304.72021484375
2024-05-24,JNJ,146.97000122070312,5304.72021484375
2024-05-24,JPM,200.7100067138672,5304.72021484375
2024-05-24,META,478.2200012207031,5304.72021484375
2024-05-24,MSFT,430.1600036621094,5304.72021484375
2024-05-24,NVDA,106.46900177001953,5304.72021484375
2024-05-24,TSLA,179.24000549316406,5304.72021484375
2024-05-28,AAPL,189.99000549316406,5306.0400390625
2024-05-28,AMZN,182.14999389648438,5306.0400390625
2024-05-28,BRK-B,403.8999938964844,5306.0400390625
2024-05-28,GOOGL,176.39999389648438,5306.0400390625
2024-05-28,JNJ,144.3800048828125,5306.0400390625
2024-05-28,JPM,199.5,5306.0400390625
2024-05-28,META,479.9200134277344,5306.0400390625
2024-05-28,MSFT,430.32000732421875,5306.0400390625
2024-05-28,NVDA,113.9010009765625,5306.0400390625
2024-05-28,TSLA,176.75,5306.0400390625
2024-05-29,AAPL,190.2899932861328,5266.9501953125
2024-05-29,AMZN,182.02000427246094,5266.9501953125
2024-05-29,BRK-B,404.0899963378906,5266.9501953125
2024-05-29,GOOGL,175.89999389648438,5266.9501953125
2024-05-29,JNJ,144.44000244140625,5266.9501953125
2024-05-29,JPM,198.11000061035156,5266.9501953125
2024-05-29,META,474.3599853515625,5266.9501953125
2024-05-29,MSFT,429.1700134277344,5266.9501953125
2024-05-29,NVDA,114.82499694824219,5266.9501953125
2024-05-29,TSLA,176.19000244140625,5266.9501953125
2024-05-30,AAPL,191.2899932861328,5235.47998046875
2024-05-30,AMZN,179.32000732421875,5235.47998046875
2024-05-30,BRK-B,408.6099853515625,5235.47998046875
2024-05-30,GOOGL,172.11000061035156,5235.47998046875
2024-05-30,JNJ,145.27999877929688,5235.47998046875
2024-05-30,JPM,199.3300018310547,5235.47998046875
2024-05-30,META,467.04998779296875,5235.47998046875
2024-05-30,MSFT,414.6700134277344,5235.47998046875
2024-05-30,NVDA,110.5,5235.47998046875
2024-05-30,TSLA,178.7899932861328,5235.47998046875
2024-05-31,AAPL,192.25,5277.509765625
2024-05-31,AMZN,176.44000244140625,5277.509765625
2024-05-31,BRK-B,414.3999938964844,5277.509765625
2024-05-31,GOOGL,172.5,5277.509765625
2024-05-31,JNJ,146.6699981689453,5277.509765625
2024-05-31,JPM,202.6300048828125,5277.509765625
2024-05-31,META,466.8299865722656,5277.509765625
2024-05-31,MSFT,415.1300048828125,5277.509765625
2024-05-31,NVDA,109.63300323486328,5277.509765625
2024-05-31,TSLA,178.0800018310547,5277.509765625
2024-06-03,AAPL,194.02999877929688,5283.39990234375
2024-06-03,AMZN,178.33999633789062,5283.39990234375
2024-06-03,BRK-B,414.7900085449219,5283.39990234375
2024-06-03,GOOGL,173.1699981689453,5283.39990234375
2024-06-03,JNJ,147.74000549316406,5283.39990234375
2024-06-03,JPM,201.82000732421875,5283.39990234375
2024-06-03,META,477.489990234375,5283.39990234375
2024-06-03,MSFT,413.5199890136719,5283.39990234375
2024-06-03,NVDA,115.0,5283.39990234375
2024-06-03,TSLA,176.2899932861328,5283.39990234375
2024-06-04,AAPL,194.35000610351562,5291.33984375
2024-06-04,AMZN,179.33999633789062,5291.33984375
2024-06-04,BRK-B,409.5299987792969,5291.33984375
2024-06-04,GOOGL,173.7899932861328,5291.33984375
2024-06-04,JNJ,147.8000030517578,5291.33984375
2024-06-04,JPM,199.16000366210938,5291.33984375
2024-06-04,META,476.989990234375,5291.33984375
2024-06-04,MSFT,416.07000732421875,5291.33984375
2024-06-04,NVDA,116.43699645996094,5291.33984375
2024-06-04,TSLA,174.77000427246094,5291.33984375
2024-06-05,AAPL,195.8699951171875,5354.02978515625
2024-06-05,AMZN,181.27999877929688,5354.02978515625
2024-06-05,BRK-B,409.8500061035156,5354.02978515625
2024-06-05,GOOGL,175.41000366210938,5354.02978515625
2024-06-05,JNJ,145.97000122070312,5354.02978515625
2024-06-05,JPM,197.25999450683594,5354.02978515625
2024-06-05,META,495.05999755859375,5354.02978515625
2024-06-05,MSFT,424.010009765625,5354.02978515625
2024-06-05,NVDA,122.44000244140625,5354.02978515625
2024-06-05,TSLA,175.0,5354.02978515625
2024-06-06,AAPL,194.47999572753906,5352.9599609375
2024-06-06,AMZN,185.0,5352.9599609375
2024-06-06,BRK-B,411.0799865722656,5352.9599609375
2024-06-06,GOOGL,176.72999572753906,5352.9599609375
2024-06-06,JNJ,146.4199981689453,5352.9599609375
2024-06-06,JPM,196.91000366210938,5352.9599609375
2024-06-06,META,493.760009765625,5352.9599609375
2024-06-06,MSFT,424.5199890136719,5352.9599609375
2024-06-06,NVDA,120.99800109863281,5352.9599609375
2024-06-06,TSLA,177.94000244140625,5352.9599609375
2024-06-07,AAPL,196.88999938964844,5346.990234375
2024-06-07,AMZN,184.3000030517578,5346.990234375
2024-06-07,BRK-B,413.7200012207031,5346.990234375
2024-06-07,GOOGL,174.4600067138672,5346.990234375
2024-06-07,JNJ,147.0800018310547,5346.990234375
2024-06-07,JPM,199.9499969482422,5346.990234375
2024-06-07,META,492.9599914550781,5346.990234375
2024-06-07,MSFT,423.8500061035156,5346.990234375
2024-06-07,NVDA,120.88800048828125,5346.990234375
2024-06-07,TSLA,177.47999572753906,5346.990234375
2024-06-10,AAPL,193.1199951171875,5360.7900390625
2024-06-10,AMZN,187.05999755859375,5360.7900390625
2024-06-10,BRK-B,410.80999755859375,5360.7900390625
2024-06-10,GOOGL,175.00999450683594,5360.7900390625
2024-06-10,JNJ,147.1300048828125,5360.7900390625
2024-06-10,JPM,199.61000061035156,5360.7900390625
2024-06-10,META,502.6000061035156,5360.7900390625
2024-06-10,MSFT,427.8699951171875,5360.7900390625
2024-06-10,NVDA,121.79000091552734,5360.7900390625
2024-06-10,TSLA,173.7899932861328,5360.7900390625
2024-06-11,AAPL,207.14999389648438,5375.31982421875
2024-06-11,AMZN,187.22999572753906,5375.31982421875
2024-06-11,BRK-B,408.5,5375.31982421875
2024-06-11,GOOGL,176.6199951171875,5375.31982421875
2024-06-11,JNJ,146.75999450683594,5375.31982421875
2024-06-11,JPM,194.36000061035156,5375.31982421875
2024-06-11,META,507.4700012207031,5375.31982421875
2024-06-11,MSFT,432.67999267578125,5375.31982421875
2024-06-11,NVDA,120.91000366210938,5375.31982421875
2024-06-11,TSLA,170.66000366210938,5375.31982421875
2024-06-12,AAPL,213.07000732421875,5421.02978515625
2024-06-12,AMZN,186.88999938964844,5421.02978515625
2024-06-12,BRK-B,408.7699890136719,5421.02978515625
2024-06-12,GOOGL,177.7899932861328,5421.02978515625
2024-06-12,JNJ,145.41000366210938,5421.02978515625
2024-06-12,JPM,191.52999877929688,5421.02978515625
2024-06-12,META,508.8399963378906,5421.02978515625
2024-06-12,MSFT,441.05999755859375,5421.02978515625
2024-06-12,NVDA,125.19999694824219,5421.02978515625
2024-06-12,TSLA,177.2899932861328,5421.02978515625
2024-06-13,AAPL,214.24000549316406,5433.740234375
2024-06-13,AMZN,183.8300018310547,5433.740234375
2024-06-13,BRK-B,405.9200134277344,5433.740234375
2024-06-13,GOOGL,175.16000366210938,5433.740234375
2024-06-13,JNJ,145.4499969482422,5433.740234375
2024-06-13,JPM,193.66000366210938,5433.740234375
2024-06-13,META,504.1000061035156,5433.740234375
2024-06-13,MSFT,441.5799865722656,5433.740234375
2024-06-13,NVDA,129.61000061035156,5433.740234375
2024-06-13,TSLA,182.47000122070312,5433.740234375
2024-06-14,AAPL,212.49000549316406,5431.60009765625
2024-06-14,AMZN,183.66000366210938,5431.60009765625
2024-06-14,BRK-B,405.5400085449219,5431.60009765625
2024-06-14,GOOGL,176.7899932861328,5431.60009765625
2024-06-14,JNJ,145.5399932861328,5431.60009765625
2024-06-14,JPM,193.77999877929688,5431.60009765625
2024-06-14,META,504.1600036621094,5431.60009765625
2024-06-14,MSFT,442.57000732421875,5431.60009765625
2024-06-14,NVDA,131.8800048828125,5431.60009765625
2024-06-14,TSLA,178.00999450683594,5431.60009765625
2024-06-17,AAPL,216.6699981689453,5473.22998046875
2024-06-17,AMZN,184.05999755859375,5473.22998046875
2024-06-17,BRK-B,407.32000732421875,5473.22998046875
2024-06-17,GOOGL,177.24000549316406,5473.22998046875
2024-06-17,JNJ,145.9499969482422,5473.22998046875
2024-06-17,JPM,194.97999572753906,5473.22998046875
2024-06-17,META,506.6300048828125,5473.22998046875
2024-06-17,MSFT,448.3699951171875,5473.22998046875
2024-06-17,NVDA,130.97999572753906,5473.22998046875
2024-06-17,TSLA,187.44000244140625,5473.22998046875
2024-06-18,AAPL,214.2899932861328,5487.02978515625
2024-06-18,AMZN,182.80999755859375,5487.02978515625
2024-06-18,BRK-B,407.95001220703125,5487.02978515625
2024-06-18,GOOGL,175.08999633789062,5487.02978515625
2024-06-18,JNJ,145.64999389648438,5487.02978515625
2024-06-18,JPM,197.0,5487.02978515625
2024-06-18,META,499.489990234375,5487.02978515625
2024-06-18,MSFT,446.3399963378906,5487.02978515625
2024-06-18,NVDA,135.5800018310547,5487.02978515625
2024-06-18,TSLA,184.86000061035156,5487.02978515625
2024-06-20,AAPL,209.67999267578125,5473.169921875
2024-06-20,AMZN,186.10000610351562,5473.169921875
2024-06-20,BRK-B,409.1499938964844,5473.169921875
2024-06-20,GOOGL,176.3000030517578,5473.169921875
2024-06-20,JNJ,147.77999877929688,5473.169921875
2024-06-20,JPM,198.6699981689453,5473.169921875
2024-06-20,META,501.70001220703125,5473.169921875
2024-06-20,MSFT,445.70001220703125,5473.169921875
2024-06-20,NVDA,130.77999877929688,5473.169921875
2024-06-20,TSLA,181.57000732421875,5473.169921875
2024-06-21,AAPL,207.49000549316406,5464.6201171875
2024-06-21,AMZN,189.0800018310547,5464.6201171875
2024-06-21,BRK-B,409.6199951171875,5464.6201171875
2024-06-21,GOOGL,179.6300048828125,5464.6201171875
2024-06-21,JNJ,148.75,5464.6201171875
2024-06-21,JPM,196.3000030517578,5464.6201171875
2024-06-21,META,494.7799987792969,5464.6201171875
2024-06-21,MSFT,449.7799987792969,5464.6201171875
2024-06-21,NVDA,126.56999969482422,5464.6201171875
2024-06-21,TSLA,183.00999450683594,5464.6201171875
2024-06-24,AAPL,208.13999938964844,5447.8701171875
2024-06-24,AMZN,185.57000732421875,5447.8701171875
2024-06-24,BRK-B,413.9800109863281,5447.8701171875
2024-06-24,GOOGL,179.22000122070312,5447.8701171875
2024-06-24,JNJ,149.1199951171875,5447.8701171875
2024-06-24,JPM,198.8800048828125,5447.8701171875
2024-06-24,META,498.9100036621094,5447.8701171875
2024-06-24,MSFT,447.6700134277344,5447.8701171875
2024-06-24,NVDA,118.11000061035156,5447.8701171875
2024-06-24,TSLA,182.5800018310547,5447.8701171875
2024-06-25,AAPL,209.07000732421875,5469.2998046875
2024-06-25,AMZN,186.33999633789062,5469.2998046875
2024-06-25,BRK-B,410.9700012207031,5469.2998046875
2024-06-25,GOOGL,184.02999877929688,5469.2998046875
2024-06-25,JNJ,147.19000244140625,5469.2998046875
2024-06-25,JPM,198.07000732421875,5469.2998046875
2024-06-25,META,510.6000061035156,5469.2998046875
2024-06-25,MSFT,450.95001220703125,5469.2998046875
2024-06-25,NVDA,126.08999633789062,5469.2998046875
2024-06-25,TSLA,187.35000610351562,5469.2998046875
2024-06-26,AAPL,213.25,5477.89990234375
2024-06-26,AMZN,193.61000061035156,5477.89990234375
2024-06-26,BRK-B,410.260009765625,5477.89990234375
2024-06-26,GOOGL,183.8800048828125,5477.89990234375
2024-06-26,JNJ,146.82000732421875,5477.89990234375
2024-06-26,JPM,197.42999267578125,5477.89990234375
2024-06-26,META,513.1199951171875,5477.89990234375
2024-06-26,MSFT,452.1600036621094,5477.89990234375
2024-06-26,NVDA,126.4000015258789,5477.89990234375
2024-06-26,TSLA,196.3699951171875,5477.89990234375
2024-06-27,AAPL,214.10000610351562,5482.8701171875
2024-06-27,AMZN,197.85000610351562,5482.8701171875
2024-06-27,BRK-B,407.95001220703125,5482.8701171875
2024-06-27,GOOGL,185.41000366210938,5482.8701171875
2024-06-27,JNJ,145.8000030517578,5482.8701171875
2024-06-27,JPM,199.1699981689453,5482.8701171875
2024-06-27,META,519.5599975585938,5482.8701171875
2024-06-27,MSFT,452.8500061035156,5482.8701171875
2024-06-27,NVDA,123.98999786376953,5482.8701171875
2024-06-27,TSLA,197.4199981689453,5482.8701171875
2024-06-28,AAPL,210.6199951171875,5460.47998046875
2024-06-28,AMZN,193.25,5460.47998046875
2024-06-28,BRK-B,406.79998779296875,5460.47998046875
2024-06-28,GOOGL,182.14999389648438,5460.47998046875
2024-06-28,JNJ,146.16000366210938,5460.47998046875
2024-06-28,JPM,202.25999450683594,5460.47998046875
2024-06-28,META,504.2200012207031,5460.47998046875
2024-06-28,MSFT,446.95001220703125,5460.47998046875
2024-06-28,NVDA,123.54000091552734,5460.47998046875
2024-06-28,TSLA,197.8800048828125,5460.47998046875
2024-07-01,AAPL,216.75,5475.08984375
2024-07-01,AMZN,197.1999969482422,5475.08984375
2024-07-01,BRK-B,405.19000244140625,5475.08984375
2024-07-01,GOOGL,182.99000549316406,5475.08984375
2024-07-01,JNJ,146.44000244140625,5475.08984375
2024-07-01,JPM,205.4499969482422,5475.08984375
2024-07-01,META,504.67999267578125,5475.08984375
2024-07-01,MSFT,456.7300109863281,5475.08984375
2024-07-01,NVDA,124.30000305175781,5475.08984375
2024-07-01,TSLA,209.86000061035156,5475.08984375
2024-07-02,AAPL,220.27000427246094,5509.009765625
2024-07-02,AMZN,200.0,5509.009765625
2024-07-02,BRK-B,407.1000061035156,5509.009765625
2024-07-02,GOOGL,185.24000549316406,5509.009765625
2024-07-02,JNJ,146.02999877929688,5509.009765625
2024-07-02,JPM,208.8300018310547,5509.009765625
2024-07-02,META,509.5,5509.009765625
2024-07-02,MSFT,459.2799987792969,5509.009765625
2024-07-02,NVDA,122.66999816894531,5509.009765625
2024-07-02,TSLA,231.25999450683594,5509.009765625
2024-07-03,AAPL,221.5500030517578,5537.02001953125
2024-07-03,AMZN,197.58999633789062,5537.02001953125
2024-07-03,BRK-B,405.7699890136719,5537.02001953125
2024-07-03,GOOGL,185.82000732421875,5537.02001953125
2024-07-03,JNJ,145.69000244140625,5537.02001953125
2024-07-03,JPM,208.69000244140625,5537.02001953125
2024-07-03,META,509.9599914550781,5537.02001953125
2024-07-03,MSFT,460.7699890136719,5537.02001953125
2024-07-03,NVDA,128.27999877929688,5537.02001953125
2024-07-03,TSLA,246.38999938964844,5537.02001953125
2024-07-05,AAPL,226.33999633789062,5567.18994140625
2024-07-05,AMZN,200.0,5567.18994140625
2024-07-05,BRK-B,411.1700134277344,5567.18994140625
2024-07-05,GOOGL,190.60000610351562,5567.18994140625
2024-07-05,JNJ,146.47999572753906,5567.18994140625
2024-07-05,JPM,204.7899932861328,5567.18994140625
2024-07-05,META,539.9099731445312,5567.18994140625
2024-07-05,MSFT,467.55999755859375,5567.18994140625
2024-07-05,NVDA,125.83000183105469,5567.18994140625
2024-07-05,TSLA,251.52000427246094,5567.18994140625
2024-07-08,AAPL,227.82000732421875,5572.85009765625
2024-07-08,AMZN,199.2899932861328,5572.85009765625
2024-07-08,BRK-B,409.0799865722656,5572.85009765625
2024-07-08,GOOGL,189.02999877929688,5572.85009765625
2024-07-08,JNJ,145.47999572753906,5572.85009765625
2024-07-08,JPM,205.1699981689453,5572.85009765625
2024-07-08,META,529.3200073242188,5572.85009765625
2024-07-08,MSFT,466.239990234375,5572.85009765625
2024-07-08,NVDA,128.1999969482422,5572.85009765625
2024-07-08,TSLA,252.94000244140625,5572.85009765625
2024-07-09,AAPL,228.67999267578125,5576.97998046875
2024-07-09,AMZN,199.33999633789062,5576.97998046875
2024-07-09,BRK-B,410.5199890136719,5576.97998046875
2024-07-09,GOOGL,188.97999572753906,5576.97998046875
2024-07-09,JNJ,147.0500030517578,5576.97998046875
2024-07-09,JPM,207.6300048828125,5576.97998046875
2024-07-09,META,530.0,5576.97998046875
2024-07-09,MSFT,459.5400085449219,5576.97998046875
2024-07-09,NVDA,131.3800048828125,5576.97998046875
2024-07-09,TSLA,262.3299865722656,5576.97998046875
2024-07-10,AAPL,232.97999572753906,5633.91015625
2024-07-10,AMZN,199.7899932861328,5633.91015625
2024-07-10,BRK-B,413.7900085449219,5633.91015625
2024-07-10,GOOGL,191.17999267578125,5633.91015625
2024-07-10,JNJ,149.42999267578125,5633.91015625
2024-07-10,JPM,207.8000030517578,5633.91015625
2024-07-10,META,534.6900024414062,5633.91015625
2024-07-10,MSFT,466.25,5633.91015625
2024-07-10,NVDA,134.91000366210938,5633.91015625
2024-07-10,TSLA,263.260009765625,5633.91015625
2024-07-11,AAPL,227.57000732421875,5584.5400390625
2024-07-11,AMZN,195.0500030517578,5584.5400390625
2024-07-11,BRK-B,418.7799987792969,5584.5400390625
2024-07-11,GOOGL,185.57000732421875,5584.5400390625
2024-07-11,JNJ,149.6999969482422,5584.5400390625
2024-07-11,JPM,207.4499969482422,5584.5400390625
2024-07-11,META,512.7000122070312,5584.5400390625
2024-07-11,MSFT,454.70001220703125,5584.5400390625
2024-07-11,NVDA,127.4000015258789,5584.5400390625
2024-07-11,TSLA,241.02999877929688,5584.5400390625
2024-07-12,AAPL,230.5399932861328,5615.35009765625
2024-07-12,AMZN,194.49000549316406,5615.35009765625
2024-07-12,BRK-B,424.44000244140625,5615.35009765625
2024-07-12,GOOGL,185.07000732421875,5615.35009765625
2024-07-12,JNJ,149.8800048828125,5615.35009765625
2024-07-12,JPM,204.94000244140625,5615.35009765625
2024-07-12,META,498.8699951171875,5615.35009765625
2024-07-12,MSFT,453.54998779296875,5615.35009765625
2024-07-12,NVDA,129.24000549316406,5615.35009765625
2024-07-12,TSLA,248.22999572753906,5615.35009765625
2024-07-15,AAPL,234.39999389648438,5631.22021484375
2024-07-15,AMZN,192.72000122070312,5631.22021484375
2024-07-15,BRK-B,434.4200134277344,5631.22021484375
2024-07-15,GOOGL,186.52999877929688,5631.22021484375
2024-07-15,JNJ,149.24000549316406,5631.22021484375
2024-07-15,JPM,210.0500030517578,5631.22021484375
2024-07-15,META,496.1600036621094,5631.22021484375
2024-07-15,MSFT,453.9599914550781,5631.22021484375
2024-07-15,NVDA,128.44000244140625,5631.22021484375
2024-07-15,TSLA,252.63999938964844,5631.22021484375
2024-07-16,AAPL,234.82000732421875,5667.2001953125
2024-07-16,AMZN,193.02000427246094,5667.2001953125
2024-07-16,BRK-B,438.8999938964844,5667.2001953125
2024-07-16,GOOGL,183.9199981689453,5667.2001953125
2024-07-16,JNJ,151.00999450683594,5667.2001953125
2024-07-16,JPM,213.6199951171875,5667.2001953125
2024-07-16,META,489.7900085449219,5667.2001953125
2024-07-16,MSFT,449.5199890136719,5667.2001953125
2024-07-16,NVDA,126.36000061035156,5667.2001953125
2024-07-16,TSLA,256.55999755859375,5667.2001953125
2024-07-17,AAPL,228.8800048828125,5588.27001953125
2024-07-17,AMZN,187.92999267578125,5588.27001953125
2024-07-17,BRK-B,445.6099853515625,5588.27001953125
2024-07-17,GOOGL,181.02000427246094,5588.27001953125
2024-07-17,JNJ,156.5800018310547,5588.27001953125
2024-07-17,JPM,216.8699951171875,5588.27001953125
2024-07-17,META,461.989990234375,5588.27001953125
2024-07-17,MSFT,443.5199890136719,5588.27001953125
2024-07-17,NVDA,117.98999786376953,5588.27001953125
2024-07-17,TSLA,248.5,5588.27001953125
2024-07-18,AAPL,224.17999267578125,5544.58984375
2024-07-18,AMZN,183.75,5544.58984375
2024-07-18,BRK-B,441.82000732421875,5544.58984375
2024-07-18,GOOGL,177.69000244140625,5544.58984375
2024-07-18,JNJ,155.4199981689453,5544.58984375
2024-07-18,JPM,209.97999572753906,5544.58984375
2024-07-18,META,475.8500061035156,5544.58984375
2024-07-18,MSFT,440.3699951171875,5544.58984375
2024-07-18,NVDA,121.08999633789062,5544.58984375
2024-07-18,TSLA,249.22999572753906,5544.58984375
2024-07-19,AAPL,224.30999755859375,5505.0
2024-07-19,AMZN,183.1300048828125,5505.0
2024-07-19,BRK-B,434.4700012207031,5505.0
2024-07-19,GOOGL,177.66000366210938,5505.0
2024-07-19,JNJ,154.69000244140625,5505.0
2024-07-19,JPM,209.77999877929688,5505.0
2024-07-19,META,476.7900085449219,5505.0
2024-07-19,MSFT,437.1099853515625,5505.0
2024-07-19,NVDA,117.93000030517578,5505.0
2024-07-19,TSLA,239.1999969482422,5505.0
2024-07-22,AAPL,223.9600067138672,5564.41015625
2024-07-22,AMZN,182.5500030517578,5564.41015625
2024-07-22,BRK-B,435.9800109863281,5564.41015625
2024-07-22,GOOGL,181.6699981689453,5564.41015625
2024-07-22,JNJ,154.24000549316406,5564.41015625
2024-07-22,JPM,210.27999877929688,5564.41015625
2024-07-22,META,487.3999938964844,5564.41015625
2024-07-22,MSFT,442.94000244140625,5564.41015625
2024-07-22,NVDA,123.54000091552734,5564.41015625
2024-07-22,TSLA,251.50999450683594,5564.41015625
2024-07-23,AAPL,225.00999450683594,5555.740234375
2024-07-23,AMZN,186.41000366210938,5555.740234375
2024-07-23,BRK-B,434.010009765625,5555.740234375
2024-07-23,GOOGL,181.7899932861328,5555.740234375
2024-07-23,JNJ,152.35000610351562,5555.740234375
2024-07-23,JPM,210.3300018310547,5555.740234375
2024-07-23,META,488.69000244140625,5555.740234375
2024-07-23,MSFT,444.8500061035156,5555.740234375
2024-07-23,NVDA,122.58999633789062,5555.740234375
2024-07-23,TSLA,246.3800048828125,5555.740234375
2024-07-24,AAPL,218.5399932861328,5427.1298828125
2024-07-24,AMZN,180.8300018310547,5427.1298828125
2024-07-24,BRK-B,432.79998779296875,5427.1298828125
2024-07-24,GOOGL,172.6300048828125,5427.1298828125
2024-07-24,JNJ,156.27999877929688,5427.1298828125
2024-07-24,JPM,208.58999633789062,5427.1298828125
2024-07-24,META,461.2699890136719,5427.1298828125
2024-07-24,MSFT,428.8999938964844,5427.1298828125
2024-07-24,NVDA,114.25,5427.1298828125
2024-07-24,TSLA,215.99000549316406,5427.1298828125
2024-07-25,AAPL,217.49000549316406,5399.22021484375
2024-07-25,AMZN,179.85000610351562,5399.22021484375
2024-07-25,BRK-B,433.2900085449219,5399.22021484375
2024-07-25,GOOGL,167.27999877929688,5399.22021484375
2024-07-25,JNJ,159.63999938964844,5399.22021484375
2024-07-25,JPM,208.6699981689453,5399.22021484375
2024-07-25,META,453.4100036621094,5399.22021484375
2024-07-25,MSFT,418.3999938964844,5399.22021484375
2024-07-25,NVDA,112.27999877929688,5399.22021484375
2024-07-25,TSLA,220.25,5399.22021484375
2024-07-26,AAPL,217.9600067138672,5459.10009765625
2024-07-26,AMZN,182.5,5459.10009765625
2024-07-26,BRK-B,437.6600036621094,5459.10009765625
2024-07-26,GOOGL,167.0,5459.10009765625
2024-07-26,JNJ,160.63999938964844,5459.10009765625
2024-07-26,JPM,212.24000549316406,5459.10009765625
2024-07-26,META,465.70001220703125,5459.10009765625
2024-07-26,MSFT,425.2699890136719,5459.10009765625
2024-07-26,NVDA,113.05999755859375,5459.10009765625
2024-07-26,TSLA,219.8000030517578,5459.10009765625
2024-07-29,AAPL,218.24000549316406,5463.5400390625
2024-07-29,AMZN,183.1999969482422,5463.5400390625
2024-07-29,BRK-B,438.30999755859375,5463.5400390625
2024-07-29,GOOGL,169.52999877929688,5463.5400390625
2024-07-29,JNJ,158.55999755859375,5463.5400390625
2024-07-29,JPM,210.85000610351562,5463.5400390625
2024-07-29,META,465.7099914550781,5463.5400390625
2024-07-29,MSFT,426.7300109863281,5463.5400390625
2024-07-29,NVDA,111.58999633789062,5463.5400390625
2024-07-29,TSLA,232.10000610351562,5463.5400390625
2024-07-30,AAPL,218.8000030517578,5436.43994140625
2024-07-30,AMZN,181.7100067138672,5436.43994140625
2024-07-30,BRK-B,441.260009765625,5436.43994140625
2024-07-30,GOOGL,170.2899932861328,5436.43994140625
2024-07-30,JNJ,161.3300018310547,5436.43994140625
2024-07-30,JPM,215.19000244140625,5436.43994140625
2024-07-30,META,463.19000244140625,5436.43994140625
2024-07-30,MSFT,422.9200134277344,5436.43994140625
2024-07-30,NVDA,103.7300033569336,5436.43994140625
2024-07-30,TSLA,222.6199951171875,5436.43994140625
